compound,n_genes,pearson_r
Rosi,13717,0.999974136675064
MRL24,13717,0.999917756725051
